{
  "total": 3685685.5613319674,
  "trip": 1738.2930689051339
}