{
  "total": 3645488.8210302303,
  "trip": 15.091553060153803
}