{
  "total": 5370899.161083954,
  "trip": 4274.233949594265
}