{
  "total": 4255010.714275426,
  "trip": 6713.252950002457
}