{
  "total": 4984635.127260092,
  "trip": 4847.4460604435835
}