{
  "total": 3644935.68441308,
  "trip": 2992.400898033364
}