{
  "temp": 31.259411764705884,
  "accel_x": 19.61270144958496,
  "accel_y": 11.051634863281249,
  "accel_z": -4.484339709472656,
  "gyro_x": -3.8625954198473282,
  "gyro_y": -0.7480916030534351,
  "gyro_z": 0.8473282442748091
}