{
  "temp": 32.29470588235294,
  "accel_x": 9.4618849609375,
  "accel_y": 3.3446997192382812,
  "accel_z": 0.9600748657226562,
  "gyro_x": -3.931297709923664,
  "gyro_y": -0.9236641221374046,
  "gyro_z": 0.4198473282442748
}