{
  "temp": 35.63588235294118,
  "accel_x": 9.330203869628905,
  "accel_y": 3.227383837890625,
  "accel_z": -0.7661445312499999,
  "gyro_x": -1.8854961832061068,
  "gyro_y": -1.748091603053435,
  "gyro_z": -2.381679389312977
}