{
  "temp": 39.777058823529416,
  "accel_x": 9.770736975097655,
  "accel_y": 3.5338416503906247,
  "accel_z": -0.5147533569335937,
  "gyro_x": -0.7175572519083969,
  "gyro_y": -0.09923664122137404,
  "gyro_z": -0.21374045801526717
}