{
  "temp": 32.57705882352941,
  "accel_x": 9.935936889648437,
  "accel_y": 3.201047619628906,
  "accel_z": -0.5243301635742187,
  "gyro_x": -1.0229007633587786,
  "gyro_y": -0.2824427480916031,
  "gyro_z": -0.32061068702290074
}