{
  "temp": 31.965294117647062,
  "accel_x": 9.375693701171874,
  "accel_y": 3.2130186279296873,
  "accel_z": 1.1851298217773436,
  "gyro_x": -3.8091603053435112,
  "gyro_y": -0.9007633587786259,
  "gyro_z": 0.3969465648854962
}