{
  "temp": 38.60058823529412,
  "accel_x": 9.835380419921874,
  "accel_y": 3.2225954345703123,
  "accel_z": -0.5674257934570313,
  "gyro_x": -0.7175572519083969,
  "gyro_y": -0.1450381679389313,
  "gyro_z": 0.007633587786259542
}