{
  "key_switch": 0,
  "battery_48v": 0.11090322580645161,
  "bus_12v": 11.25421935483871,
  "main_current": 0.2714559721011335,
  "cpu_temperature": 68.73416666666667,
  "memory": "48G"
}