{
  "key_switch": 1,
  "battery_48v": 57.16445161290322,
  "bus_12v": 12.193313978494622,
  "main_current": 0.21691368788143015,
  "cpu_temperature": 64.44856666666665,
  "memory": "50G"
}