{
  "key_switch": 0,
  "bus_12v": 11.32196344086022,
  "main_current": 0.1908282476024417,
  "cpu_temperature": 60.60126666666668,
  "memory": "45G",
  "remote_c0": 0,
  "remote_c1": 0
}