{
  "key_switch": 1,
  "battery_48v": 56.94675268817205,
  "bus_12v": 12.210094623655914,
  "main_current": 0.20979947689625159,
  "cpu_temperature": 65.74723333333334,
  "memory": "50G"
}