{
  "key_switch": 0,
  "battery_48v": 51.389268817204304,
  "bus_12v": 12.22625376344086,
  "main_current": 0.28094158674803876,
  "cpu_temperature": 60.244133333333345,
  "memory": "102G"
}