{
  "temp": 34.97705882352941,
  "accel_x": 9.935936889648437,
  "accel_y": 3.1651345947265623,
  "accel_z": -0.40462008056640625,
  "gyro_x": -0.8931297709923665,
  "gyro_y": 0.15267175572519084,
  "gyro_z": -0.4351145038167939
}