{
  "key_switch": 0,
  "bus_12v": 11.229359139784949,
  "main_current": 0.37579773321708804,
  "cpu_temperature": 66.80239999999999,
  "memory": "45G",
  "remote_c0": 0,
  "remote_c1": 0
}